Rank,Industry,Sector,Relative Strength,Percentile,1M_RS_Percentile,3M_RS_Percentile,6M_RS_Percentile,Tickers
1,Semiconductor Equipment & Materials,Technology,155.24,99,99,99,93,"AXTI,ICHR,UCTT,AEHR,KLIC,ACMR,TER,AMAT,LRCX,COHU,FORM,TRT,VECO,KLAC,AMKR,ASYS,ONTO,ASML,ACLS,INTT,Q,ATOM,ENTG,NVMI,CAMT,PLAB,AMBA,IPGP,SMTK,DQ"
2,Semiconductors,Technology,128.66,99,99,95,81,"MXL,MU,SIMO,TSEM,INTC,ASX,UMC,AMD,MRVL,AMBQ,AIP,IMOS,VSH,LASR,SMTC,NVEC,ALAB,SITM,LSCC,SKYT,MRAM,ARM,STM,QUIK,CRDO,GCTS,SYNA,CEVA,MTSI,TXN,SLAB,DIOD,HIMX,ON,ALGM,MPWR,ADI,TSM,NXPI,POWI,GFS,QCOM,LEDS,NVDA,AVGO,MCHP,MCHPP,QRVO,AOSL,CRUS,MX,SWKS,WOLF,PI,POET,RMBS,NVTS,WKEY,PXLW,IPWR,INDI,VLN,ALMU,GSIT,LAES,PRSO,NA,MOBX,SQNS,ICG"
3,Healthcare Plans,Healthcare,127.36,98,95,55,27,"CNC,OSCR,HUM,CLOV,PGNY,CVS,UNH,ELV,MOH,ALHC,CI"
4,Oil & Gas Midstream,Energy,127.14,97,67,85,70,"BANL,NGL,INSW,NAT,PBT,FRO,TORO,LPG,BWLP,CMBT,TRGP,TEN,SUNC,SOBO,DHT,TRMD,PAGP,PAA,PXS,STNG,PBA,TRP,EE,TNK,KNTK,VG,DTM,WES,TK,FLNG,AM,NVGS,OKE,LNG,ENB,CQP,EPD,ET,IMPP,HESM,WMB,SMC,MPLX,KMI,KNOP,VNOM,GLNG,MARPS,SBR,GLP,TMDE,IMPPP,DLNG,GEL,MMLP,NFE,TOPS,RBNE"
5,Steel,Basic Materials,124.22,97,72,58,76,"INHD,NWPX,FRD,MT,NUE,STLD,RS,HLP,GGB,TX,MTUS,CLF,WS,SIM,ASTL,PKX,MSB,SID,ZKIN,HUDI,LUD"
6,Oil & Gas Refining & Marketing,Energy,124.01,96,61,83,66,"DK,PBF,PARR,DINO,VLO,MPC,UGP,PSX,WKC,SUN,DKL,CVI,SGU,CAPL,IEP,CLNE,CSAN,DLXY"
7,Computer Hardware,Technology,123.23,95,98,93,83,"SNDK,WDC,STX,DELL,ALOT,OSS,QMCO,UMAC,CRSR,TACT,KTCC,HPQ,ANET,QTEX,DDD,P,LOGI,YIBO,IQMX,CRCT,VELO,NNDM,SMCI,SSYS,QBTS,AGMH,RGTI,IONQ,QCLS,QUBT,AMCI,DPRO,EBON,BGIN,MCRP,UAVS,SCKT,BTCT,CAN,VTIX"
8,REIT - Hotel & Motel,Real Estate,122.5,95,91,60,34,"CLDT,RLJ,PEB,XHR,DRH,INN,HST,APLE,PK,RHP,SHO,IHT,BHR,SVC,AHT"
9,"Furnishings, Fixtures & Appliances",Consumer Cyclical,122.44,94,67,53,51,"PRPL,XMAX,FLXS,LCUT,SN,BSET,TILE,HBB,HOFT,COOK,MLKN,CRWS,LZB,ALH,LEG,LOVE,HNI,EFOI,ETD,MWYN,MHK,VIRC,SGI,KEQU,MBC,FGI,NCL,WHR,VIOT,ATER,NTZ"
10,Trucking,Industrials,119.74,93,93,83,43,"CVLG,ARCB,RXO,PAMT,ETS,HTLD,TFII,SNDR,WERN,KNX,XPO,MRTN,ODFL,SAIA,ULH,TOPP"
11,Medical Care Facilities,Healthcare,119.55,93,92,62,53,"AGL,PIII,MCTA,PACS,INNV,LFST,DVA,NHC,CMPS,AMN,ACHC,CON,AVAH,PNTG,BKD,TOI,PARK,SNDA,GRDN,ASTH,MD,NUTX,AIRS,THC,HCSG,CHE,ADUS,EHC,FMS,SRTA,ARDT,ENSG,CYH,USPH,HCA,CCM,SGRY,AUNA,JYNT,CCEL,UHS,BTMD,WW,AMS,OPCH,DCGO,BMGL,NIVF"
12,Communication Equipment,Technology,118.41,92,96,97,93,"LITE,AAOI,OCC,VSAT,VIAV,AMPG,HPE,CIEN,SILC,FEIM,EXTR,VISN,DGII,CSCO,NOK,ONDS,CLRO,WATT,BKTI,AIRG,HLIT,LTRX,TSAT,AUDC,ZBRA,NTGR,ERIC,UTSI,MSI,CLFD,BOSC,AVNW,CRNT,ADTN,BDC,GILT,UI,SYNX,ASTS,FIEE,MITQ,FKWL,INSG,CMTL"
13,Aluminum,Basic Materials,118.31,91,97,99,95,"KALU,CSTM,CENX,AA"
14,Banks - Diversified,Financial Services,118.26,90,89,79,84,"SMFG,MUFG,HSBC,BNY,TD,BMO,RY,BBVA,CM,BNS,UBS,ING,BCS,SAN,NTB,BAC,C,JPM,WFC"
15,REIT - Healthcare Facilities,Real Estate,115.26,90,79,77,74,"DHC,VTR,WELL,DOC,NHPBP,AHR,NHPAP,CTRE,HR,CHCT,OHI,STRW,SBRA,LTC,UHT,XRN,NHI,MPT"
16,Electronics & Computer Distribution,Technology,111.97,89,87,44,34,"AVT,ARW,SNX,SCSC,CNXN,NSIT,CLMB,IZM"
17,Diagnostics & Research,Healthcare,111.92,88,73,41,83,"ADVB,BDSX,CDNA,TWST,GH,VCYT,PSNL,NEO,ILMN,ADPT,NTRA,BLLN,XWEL,MEDP,QUCY,PRE,DGX,CRL,RVTY,ICLR,WAT,SHC,GRAL,IMDX,A,TMO,XGN,LH,PRPO,IQV,MYGN,CSTL,MTD,FLGT,FRNM,DHR,NDRA,RDNT,QGEN,MBAI,OPK,IDXX,WGS,BNR,BIAF,ISPC,MDXH"
18,Internet Retail,Consumer Cyclical,111.63,88,86,16,62,"MI,LITB,LQDT,ETSY,EBAY,GLBE,W,HEPS,TDUP,RVLV,CART,JD,AMZN,ZKH,HOUR,VIPS,RERE,SE,MELI,BZUN,DASH,JWEL,MOGU,YJ,BABA,JMIA,PDD,CHWY,CPNG,NHTC,WBUY,OCG,NEGG,WNW,UZX,NEXR,IPW"
19,Electronic Gaming & Multimedia,Communication Services,111.32,87,88,25,12,"DKI,MRDN,DDI,MSGM,FIRY,EA,SNAL,MYPS,TTWO,PLTK,GRVY,NTES,CTW,GIGM,SOHU,GXAI,GMHS,GDEV,RBLX,GCL,GAME,GDC"
20,Silver,Basic Materials,110.95,86,93,97,99,"NEWP,AYA,SVM,AG,EXK"
21,Oil & Gas Equipment & Services,Energy,110.52,86,90,94,82,"DWSN,NESR,STAK,OII,FTK,FET,SND,WTTR,EFXT,KGS,FTI,WBI,HLX,PUMP,TS,LB,AROC,TDW,NGS,NOV,SLB,INVX,XPRO,NEXT,WHD,OIS,USAC,WFRD,HAL,RNGR,VTOL,KLXE,SEI,BKR,FLOC,RES,LBRT,NCSM,NOA,AESI,OMSE,LSE,DTI,CLB,ACDC,GEOS,RCON"
22,Oil & Gas Integrated,Energy,109.18,85,36,86,63,"EC,CVE,YPF,EQNR,SU,PBR,IMO,E,SKYQ,XOM,TTE,BP,CVX,TGS,SHEL,SLNG,DEC,NFG,VIVK"
23,Electronic Components,Technology,109.14,84,97,92,86,"MEI,VICR,RELL,TTMI,OPTX,FLEX,BHE,LPTH,BELFB,GLW,KN,ALNT,BELFA,MPTI,RAL,PLXS,SANM,ROG,OUST,LFUS,LINK,CTS,JBL,DSWL,KOPN,APH,CLS,LYTS,CPSH,WBX,DAIO,FN,DAKT,TEL,ELTK,OST,WETH,OSIS,KULR,OLED,IMTE,MTEK,HOLO,MSAI,REFR,NEON,GAUZ"
24,Oil & Gas Drilling,Energy,109.0,83,81,96,88,"NBR,PTEN,HP,VAL,NE,RIG,PDS,SDRL,BORR,SOC"
25,Banks - Regional,Financial Services,108.06,83,72,69,72,"CARE,MSBI,BOTJ,CMTV,CLBK,AMAL,FSEA,MFG,IFS,GCBC,CIB,TRST,PGC,ALRS,TMP,FNRN,CHMG,BAP,BWFG,AMTB,FNWD,FISI,HFBL,VBNK,TFSL,ACNB,BBAR,BPOP,SHBI,WASH,FBP,UVSP,CZWI,FNLC,ATLO,FCAP,STBA,CBNA,RRBI,WSFS,RBCAA,FCBC,PCB,RBKB,PFIS,BYFC,CBC,SRCE,PKBK,BSRR,FSBC,CCNE,PLBC,ASRV,KB,FNWB,SMBC,CTBI,BY,OBK,KFFB,SBFG,CFFN,SMBK,GSBC,WTBA,FRAF,AROW,FFBC,TCBK,BMA,PEBO,VLY,MYFW,CFG,CBK,EGBN,WSBC,FMBH,KRNY,FVCB,CATY,AVBC,PBFS,OFG,FULT,CIVB,CPF,THFF,USB,CAC,HBT,FBIZ,RBB,LCNB,WSBF,OPHC,CFBK,DCOM,FITB,OBT,BLX,MTB,EBC,PDLB,MCBS,FRST,SHG,BUSE,BPRN,LYG,EBMT,CNOB,CFR,PEBK,HFWA,BHB,BANC,ZION,UBSI,SFST,BOH,HWC,LSBK,CZFS,TSBK,FUNC,HWBK,FCF,FMAO,OSBC,NIC,MBBC,UMBF,NWBI,PNC,MBWM,HBNC,CBAN,HBCP,ORRF,WABC,FDSB,HOPE,BCAL,AVAL,MRBK,PFS,FBLA,NWFL,FXNC,FCCO,NEWT,WBS,CPBI,NWG,CCBG,AUB,NBN,BOKF,USCB,SFNC,LARK,ASB,NBTB,GABC,NECB,BFST,COLB,MBIN,QCRH,BCH,EWBC,BCBP,NBBK,CZNC,RF,BWB,EQBK,ISTR,WSBK,FUSB,FIBK,INDB,HAFC,AVBH,FDBC,LOB,EFSC,MCHB,MPB,CVBF,TFIN,SRBK,FBNC,INBK,BMRC,FNB,CBNK,COSO,GGAL,ECBK,PRK,WAFD,ONB,BSAC,CBU,FGBIP,NKSH,IBCP,OPBK,HTB,KEY,ESQ,HOMB,RNST,CLST,WTFC,ABCB,VABK,WNEB,FMNB,FRME,NSTS,COFS,PBHC,CHCO,ITUB,BHRB,CBSH,HNVR,BSVN,FHN,SYBT,UBCP,BCML,SFBS,FRBA,HYNE,TRMK,FBK,BVFL,FHB,IBOC,AFBI,FCNCA,CWBC,SSB,BANR,NRIM,JMSB,UCB,MVBF,BFC,RMBI,MCB,BBT,SBSI,EFSI,BKU,CUBI,CFFI,SBCF,GBCI,PFBC,UNTY,SPFI,SUPV,TCBX,FGBI,TCBS,MBINL,TFC,FLG,TOWN,BSBK,NEWTP,AX,MNSB,TCBI,HAPN,FSBW,PROV,WF,NBHC,HBAN,MGYR,OVBC,PB,BBDO,CBFV,CNOBP,DB,OVLY,FFIN,AUBN,BWBBP,MSBIP,MBNKO,OZK,BBD,OCFC,MNSBP,MBINM,FRMEP,CASH,VLYPO,CCNEP,MBINN,WTFCN,WSBCO,ONBPO,VLYPP,WAFDP,VLYPN,SFBC,WAL,UMBFO,ONBPP,PNFP,LKFN,EFSCP,BANF,NPB,SSBI,HBANL,UNB,BUSEP,FULTP,OZKAP,BRBS,TCBIO,RVSB,IBN,HIFS,TBBK,FCNCP,FCNCO,HBANZ,NU,HBANP,HBANM,ISBA,BSBR,ZIONP,GBFH,FSUN,FINW,PNBK,CCB,HDB,BAFN,INTR,SHFS"
26,Financial Conglomerates,Financial Services,106.77,82,95,88,89,"RILYP,RILYL,IX,VOYA,HTH,FRHC,RILY,TREE,TMS"
27,Marine Shipping,Industrials,106.71,81,62,75,57,"GLBS,HSHP,SHIP,ECO,EDRY,MATX,USEA,SB,GNK,NMM,DAC,CMDB,SBLK,SFL,GSL,ESEA,ASC,ZIM,HAFN,PANL,SMHI,KEX,CMRE,EHLD,GASS,DSX,HMR,CCEC,PSHG,CTRM,VNTG,NCT,UFG,ICON,SVRN,HTCO,CISS,RUBI"
28,Insurance - Reinsurance,Financial Services,106.69,81,41,64,24,"HG,OXBR,SPNT,RNR,RGA,EG,GLRE,KG"
29,Textile Manufacturing,Consumer Cyclical,106.55,80,51,0,2,"UFI,SMJF,AIN,CULP,PASW"
30,Publishing,Communication Services,106.07,79,68,72,32,"TDAY,SCHL,WLY,WLYB,LEE,PSO,NYT,EDUC,TNMG"
31,Apparel Retail,Consumer Cyclical,105.93,79,56,62,71,"DBGI,LVLU,VSXY,TLYS,CTRN,CURV,DLTH,ROST,BURL,JILL,GCO,CRI,ANF,TJX,AEO,CATO,URBN,AKA,CAL,ZUMZ,LE,BOOT,BKE,GAP,SFIX,SHOE,DXLG,BRIA,LULU,RENT,BIRD,JEM"
32,Copper,Basic Materials,105.83,78,88,93,97,"TGB,SCCO,HBM,FCX,ERO,IE"
33,REIT - Industrial,Real Estate,105.76,77,71,66,44,"ILPT,LXP,IIPR,MDV,FR,EGP,TRNO,PLD,LINE,STAG,COLD,CUBE,PSA,EXR,SMA,REXR"
34,REIT - Retail,Real Estate,105.65,76,69,67,48,"WHLRP,CBL,MAC,PINE,SPG,CURB,KRG,FRT,SKT,IVT,PECO,GTY,BRX,KIM,ALX,UE,NNN,NTST,AKR,BFS,REG,ADC,O,EPRT,FCPT,REGCP,REGCO,WHLRD,SITC,WHLR"
35,Metal Fabrication,Industrials,104.72,76,84,69,69,"CRS,AP,ATI,MEC,PRLB,RYZ,IIIN,MLI,TRSG,CMC,TPCS,WOR,HIHO,TG,GPGI,ESAB,OLOX,MTEN"
36,Advertising Agencies,Communication Services,104.58,75,94,98,99,"QMMM,EVC,CCO,ZD,NEXN,SWAG,FLNT,ADV,STGW,TJGC,MGNI,QNST,OMC,TSQ,CRTO,NCMI,MCHX,TULP,WPP,DV,APP,EDHL,DLPN,CNET,ACCS,VSME,KRKR,YDKG,CHR,STFS,TTD,WIMI,DRCT,BAOS,CDLX,TC,MF,TDIC,HAO"
37,Aerospace & Defense,Industrials,104.27,74,76,95,80,"DUKR,DFNS,SIF,DCO,ATRO,HXL,PKE,MRCY,PL,VVX,CVU,AIR,HWM,SWBI,WWD,ESLT,POWW,CW,GE,RTX,GD,HEI,FTAI,ISSC,DRS,VSEC,LMT,TXT,TATT,POWWP,FTAIM,EMBJ,SARO,LOAR,NPK,CODA,RKLB,LHX,TDG,AXON,RGR,NOC,OPXS,BWXT,SATL,CAE,BA,CDRE,HII,HOVR,RDW,AIRI,MOB,BETA,SIDU,SPCE,XTIA,VOYG,LUNR,SPAI,KRMN,KTOS,RCAT,PEW,ACHR,EVEX,AVAV,AIRO,FLY,DFSC,VWAV,MNTS,YSS,GPUS,PRZO,FJET,EVTL,EH,BYRN,MRLN,KITT"
38,Tools & Accessories,Industrials,103.72,74,82,74,75,"TKR,RBC,SWK,KMT,EML,TTC,SNA,LECO,HLMN,CVR"
39,Department Stores,Consumer Cyclical,102.89,73,85,59,85,"M,KSS,DDS,PLBL"
40,Conglomerates,Industrials,102.49,72,78,81,79,"MAMK,NNBR,LGPS,CODI,AIRT,DLX,TTI,PAM,VMI,OTTR,MMM,HON,TUSK,BOC,SEB,STRRP,MATW,STRR,RCMT,CRESY,FBYD,AIRTP,TRC,BBUC,BOOM,HHS,FIP,PLAG"
41,Insurance - Property & Casualty,Financial Services,101.9,72,45,50,49,"UFCS,TRV,UVE,ALL,AIZ,MCY,THG,DGICB,SKWD,CNA,CB,BOW,HMN,PRCH,NODK,ASIC,KINS,CINF,SIGI,L,SLDE,AFG,ORI,HCI,WRB,PLMR,RLI,HRTG,WTM,DGICA,HGTY,LMND,MKL,SAFT,AII,STC,PGR,GBLI,PRHI,SIGIP,HIPO,ACIC,KNSL,ROOT,KMPR,TRUP"
42,Staffing & Employment Services,Industrials,101.7,71,39,11,18,"KFRC,KELYB,MAN,KELYA,TBI,RHI,HQI,TNET,NSP,KFY,BBSI,BGSF,MHH,NIXX,JOB,GLXG,CIRC,IPDN"
43,Apparel Manufacturing,Consumer Cyclical,101.36,70,81,72,23,"VNCE,JRSH,ZGN,GIII,KTB,JXG,NCI,SGC,UA,UAA,LEVI,COLM,JL,RL,VFC,PVH,LAKE,FIGS,OXM,GIL,XELB,GOOS,PLCE"
44,Insurance - Life,Financial Services,100.79,69,51,60,60,"ABX,CNO,MFC,GL,PRU,MET,GNW,JXN,AFL,PRI,UNM,BHF,LNC,SNFCA,FG,PUK,BHFAN,CIA,BHFAP,BHFAO,BHFAM,AAME"
45,Railroads,Industrials,100.73,69,58,52,45,"FSTR,CSX,WAB,TRN,UNP,CNI,NSC,CP,GBX,RAIL,SWVL,RVSN"
46,Utilities - Diversified,Utilities,100.02,68,54,56,65,"BIP,UTL,AVA,AES,SRE,AQN"
47,Oil & Gas E&P,Energy,99.65,67,23,82,61,"WTI,OVV,BTE,OBE,SM,PR,APA,KOS,VIST,NRT,GTE,TALO,CNQ,TBN,CHRD,GPRK,FANG,MUR,HPK,WDS,EOG,BSIN,REPX,EGY,GFR,OXY,REI,VET,COP,DVN,CRGY,TPL,CRT,FTW,MNR,KRP,BSM,SD,DMLP,VOC,TXO,EPSN,EONR,CKX,KGEI,MTDR,BKV,MXC,RRC,PNRG,AR,CRC,MGY,PVL,CNX,GRNT,EQT,BATL,BRN,PED,INR,EXE,NOG,EPM,INDO,ANNA,GPOR,VTS,AMPY,EP,MVO,CRK,PRT,MTR,SJT,PROP,TPET"
48,Biotechnology,Healthcare,99.44,67,76,76,77,"ASBP,ERAS,ANL,CLYM,QTTB,SLS,ALMS,SYRE,STTK,FBRX,ANTX,ANRO,ORKA,DMRA,MBX,RLYB,DFTX,SLGL,OTLK,REPL,RLMD,RVMD,EQ,NVCT,RLAY,DNTH,NBTX,DRTS,TNGX,ARWR,FTH,APGE,CRNX,KOD,MRVI,TVTX,ABSI,PRAX,PRLD,URGN,FTRE,TTRX,GLUE,IPSC,FBIOP,EWTX,ELVN,PVLA,QURE,ZNTL,BOLD,ARTV,COGT,EDSA,CELC,FATE,ROIV,IMMX,MNPR,CUE,ACRS,CORT,MGNX,ANAB,ALXO,PGEN,IOVA,PTGX,IMVT,INBX,NRIX,IBRX,RCUS,GHRS,KYMR,SLN,DYN,CAPR,MPLT,CGEM,DSGN,JAZZ,AXSM,TRVI,ATAI,XNCR,TGTX,LBRX,OVID,RAPP,LGND,ZBIO,IMUX,SEPN,BCAX,NRXS,AVTX,NUVB,LXRX,ICCC,PYXS,KRYS,TYRA,CADL,CGON,VYNE,ACHV,XENE,STRO,CYCN,IFRX,MIRM,ZURA,CYTK,AGEN,TENX,NKTR,APLM,NRXP,MSLE,ORMP,GPCR,PBYI,KZIA,NGNE,RPRX,CTNM,BLTE,MRNA,TECX,CCCC,JBIO,ENTX,SVRA,FBIO,PLRZ,BBIO,MGTX,CRVS,WHWK,AVBP,INCY,HURA,SION,PHVS,ARQT,GNTA,IKT,FDMT,RZLT,CNSP,DNLI,LONA,FENC,IRD,EXEL,ADAG,SNDX,GRDX,ABVX,ANNX,RIGL,HALO,CLDX,DTIL,OKUR,TSHA,OMER,XFOR,DYAI,MDGL,KURA,ARGX,VIR,PTCT,VCEL,IMNM,SRZN,TECH,VTVT,ASND,SRRK,MLTX,HELP,IDYA,AUPH,PLX,AGIO,GALT,OLMA,BHVN,ENTA,ATRA,ABCL,DRUG,OABI,ELDN,PALI,SLDB,NAUT,PCVX,STOK,TBPH,NNVC,AVIR,ANIX,MNKD,ACOG,HRMY,ZYME,CBUS,ABUS,AKTS,RYTM,IMCR,ABEO,VERA,ACAD,SABS,AURA,MAZE,PMN,BMRN,CABA,VRDN,VRTX,NERV,CGEN,VKTX,MLYS,DMAC,IBIO,ONC,PTHS,KYTX,KPTI,IPHA,INVA,ABOS,IRON,GMAB,GERN,ATHE,PYPD,RARE,SGMT,VOR,CBIO,ALLO,ASMB,KPRX,NAMS,TLX,TARS,LRMR,OSTX,REGN,PHAT,MOLN,PEPG,RANI,SEER,VSTM,CSBR,RGNX,CNTB,IMTX,MNOV,CAMP,MESO,EYPT,CING,BLRX,IMRN,XLO,ORIC,INMB,ALLR,RNAC,BEAM,TNYA,OBIO,LTRN,PRTA,PRQR,ZVRA,FHTX,NVAX,GNLX,CRMD,ADIL,GANX,PHAR,CHRS,LKFT,EDIT,IVA,NKTX,AUTL,MDXG,UNCY,ARDX,BNTC,RCKT,PMVP,ACRV,CRBP,IONS,EPRX,KYNB,MRKR,CTMX,XBIT,BBOT,ICU,HYFT,VANI,RNXT,CLLS,AKTX,INKT,JANX,DBVT,LEGN,SRPT,VNDA,TARA,XBIO,CRSP,GLSI,XTLB,IMRX,GRCE,VRCA,BNTX,COYA,MAIA,OCGN,ACET,ARVN,ARMP,OCUL,ALZN,VYGR,ADXN,LXEO,MDWD,INSM,GDTC,ALNY,KLRS,ACIU,GYRE,ZLAB,OKYO,IGC,BIVI,ANVS,GUTS,NMRA,IMA,EVAX,TELO,ALT,NEUP,BMEA,AARD,PLRX,MLEC,SANA,CRBU,CNTN,KRRO,ALEC,NIKI,PULM,RADX,CGTX,DNA,IBO,SER,VERU,PHIO,ONCY,KROS,INDP,COCP,WVE,PASG,SMMT,PMCB,MENS,BRNS,PDSB,LCTX,LPCN,LYEL,TCRT,ABVC,INTS,CLRB,NCEL,BOLT,LGVN,INO,BCTX,TLSA,CANF,TIL,NRSN,TOVX,PRME,VALN,PCSA,MGX,NTLA,RXRX,TRDA,OSRH,DWTX,CMMB,DRMA,MIST,AAPG,CDIO,CAI,CALC,INAB,GTBP,XRTX,PROK,BRTX,BYSI,BCYC,LITS,LEXX,HIND,KTTA,ATNM,NBP,BCDA,NTHI,CDXS,BBLG,RNAZ,SILO,HUMA,BGMS,ADMA,DARE,SPRY,OGEN,ESLA,GLMD,BDTX,ARCT,APRE,MTVA,NTRB,TNXP,MREO,PTN,ALDX,QNRX,LSTA,RNTX,TCRX,HCWB,TVRD,EVGN,HYPD,MBIO,ALGS,EVMN,SKYE,SPRB,NAGE,CTXR,SPRC,JSPR,SXTP,DCOY,CELU,QNTM,LNAI,APVO,CRVO,REVB,OCS,ATYR,VRAX,PLUR,SPRO,CDT,MBRX,UPB,NGEN,AVXL,ACXP,CMPX,HOWL,PSTV,MCRB,EXOZ,FULC,NXTC,IVVD,CNTX,FLNA,NCNA,IMNN,ERNA,CLGN,AZTR,IMMP,BCAB,KAPA,CRDF,ENSC,XCUR,LENZ,CURX,HRTX,SLBT,TVGN,GOVX,MTNB,CELZ,TPST,GRI,ADCT,TRAW,SNTI,ELTX,QNCX,PBM,ENLV,ATOS,LIMN,CRIS,CVKD,ACTU,ENGN,AIM,YDES,SNGX,VTGN,PPCB,AEON,BDRX,CVM,FBLG,VIVS,PPBT,SCNI,CLDI,ENVB,PLYX,GOSS,JUNS,GNPX,VBIO,ARTL,VRXA,ELAB,SLXN,CMND,PHGE,ONCO,KALA,JAGX"
49,Packaging & Containers,Consumer Cyclical,99.09,66,49,27,46,"MYE,KRT,PACK,AMBP,SON,GEF,REYN,CCK,TRS,BALL,PKG,AMCR,SLGN,IP,SW,MGIH,AVY,GPK,YHGJ,OI,DSS,ORBS"
50,Drug Manufacturers - General,Healthcare,98.17,65,55,34,55,"OGN,LLY,MRK,JNJ,ABBV,SCLX,BIIB,BMY,AMGN,NVS,GSK,GILD,PFE,AZN,NVO,SNY,GRFS,AMRN,MIRA,NSRX,MDCX"
51,Rental & Leasing Services,Industrials,98.04,65,83,65,33,"VSTS,CTOS,PRG,R,UHAL,HRI,URI,AER,WSC,GATX,MGRC,CAR,ALTG,AIHS,EQPT,MWG,WLFC,HTZ"
52,Lodging,Consumer Cyclical,97.93,64,75,80,68,"INTG,CVEO,MAR,H,IHG,HLT,CHH,HTHT,WH,ATAT,GHG"
53,Specialty Chemicals,Basic Materials,97.52,63,69,86,60,"ALTO,CLMT,SSL,ODC,KOP,PRM,LWLG,ESI,CBT,ASH,FF,NGVT,DD,SXT,SQM,ECVT,CMT,KRO,SCL,NEU,MTX,MNTK,IOSP,AXTA,WDFC,KWR,LYB,IFF,AVNT,LIN,APD,PPG,EMN,SOLS,BCPC,CC,ECL,NTIC,RPM,OEC,FUL,SHW,ALB,HDSN,GEVO,HWKN,MATV,YMAT,WLK,BON,FSI,AMTX,LOOP,SNES,CNEY,BGLC,FEAM"
54,Internet Content & Information,Communication Services,97.22,62,19,29,41,"CCG,NBIS,TRVG,PODC,GRPN,BODI,TBLA,JOYY,EVER,MAX,NXDR,OPRA,ZIP,GOOGL,GOOG,TZOO,MTCH,GITS,SOGP,BZFD,PPLI,DIBS,CARS,RDDT,ATHM,GENI,SJ,PERI,LVO,BZ,META,MOMO,ZDGE,BIDU,PINS,SPOT,RUM,WB,ZH,GIFT,YELP,IZEA,NRDS,STUB,SEAT,TEAD,WBTN,DOYU,FENG,MNY,FVRR,DJT,BILI,UPWK,TME,SNAP,GIBO,BMBL,LCFY,ANGI,ZG,Z,CMCM,SLE,UPXI,GETY,SSTK,WSHP,AREN,CHAI,NAMI,ONFO"
55,Utilities - Regulated Gas,Utilities,97.13,62,48,68,65,"NJR,BKH,SWX,NWN,MDU,CPK,NI,CTRI,UGI,ATO,RGCO,SPH,OGS,BIPC,SR,OPAL"
56,Utilities - Regulated Electric,Utilities,97.12,61,53,61,55,"EIX,D,ETR,NWE,CEPU,EVRG,POR,AEP,ELPC,FTS,CNP,PCG,PNW,EMA,ES,IDA,LNT,OGE,ENIC,FE,ED,AEE,XEL,EDN,DTE,DUK,NEE,NGG,EXC,SO,WEC,CMS,CIG,TXNM,HE,MGEE,SOMN,PEG,PPL,GNE,KEP,NKLR,IMSR"
57,REIT - Specialty,Real Estate,97.11,60,60,55,38,"OUT,UNIT,LAMR,IRM,EQIX,EPR,DLR,LANDO,LANDP,PW,GLPI,SELF,RYN,WY,LAND,AMT,FPI,SBAC,CCI,FRMI"
58,Insurance - Diversified,Financial Services,96.85,60,33,53,50,"PLGO,SLF,AEG,IGIC,ACGL,HIG,AIG,ACGLN,ACGLO,BNT,XZO,WDH"
59,Discount Stores,Consumer Defensive,96.68,59,62,57,69,"PSMT,TBBB,TGT,DLTR,DG,COST,BJ,WMT,OLLI"
60,Industrial Distribution,Industrials,96.5,58,63,47,48,"XMTR,TLIH,MSM,GWW,WCC,DXPE,AIT,DSGR,GIC,TITN,FAST,DNOW,REZI,FERG,WSO,BXC,CNM,SITE,POOL,QXO,EVI,WXM"
61,Auto Manufacturers,Consumer Cyclical,96.39,58,2,4,3,"FFAI,AIIO,CYD,GM,F,LOBO,RIVN,HMC,RACE,TM,GGR,TSLA,NIO,VFS,FABC,NIU,PSNY,XPEV,PSNYW,LCID,STLA,LI,WKHS,SSM,EMPD,LOT,FLYE,CENN,LVWR,DCX"
62,Food Distribution,Consumer Defensive,96.13,57,55,58,52,"CHEF,ANDE,UNFI,WILC,PFGC,USFD,SYY,AVO,DIT,MTEX,HFFG,TWG"
63,Scientific & Technical Instruments,Technology,95.9,56,77,49,27,"VPG,MKSI,ASTC,COHR,KEYS,ELSE,CGNX,ESE,SOTK,ST,ITRN,MLAB,NOVTU,FTV,NOVT,TDY,ACFN,GRMN,WRAP,ODYS,LGL,GNSS,BMI,VNT,ITRI,TRMB,MIND,AIMD,SOBR,ARBE,USBC,SVRE,MVIS,ARAI,FCUV"
64,REIT - Office,Real Estate,95.86,55,47,24,11,"HPP,PSTL,HIW,CDP,CUZ,PDM,VNO,SLG,DEA,KRC,BXP,ONL,DEI,NLOP,BDN,OGCP,ARE,FISK,ESBA,FSP,CMCT"
65,Insurance - Specialty,Financial Services,95.81,55,25,37,37,"ACT,AXS,FAF,EIG,ITIC,RDN,MTG,ESNT,NMIH,AGO,TIPT,FNF,MBI,OSG,RYAN,AMSF,JRVR"
66,Travel Services,Consumer Cyclical,95.26,54,57,30,87,"LIND,VIK,GBTG,PRSU,NUTR,TNL,EXPE,ABNB,TRIP,RCL,CCL,BKNG,NCLH,TOUR,MMYT,YTRA,AHMA,TCOM,NTRP"
67,Chemicals,Basic Materials,95.19,53,46,89,67,"GPRE,MEOH,REX,RYAM,HUN,LXU,ACNT,WLKP,DOW,TROX,ASIX,OLN,VHI,CE,BAK,GURE,ASPI"
68,Real Estate - Diversified,Real Estate,94.93,53,80,91,91,"JOE,STRS"
69,Business Equipment & Supplies,Industrials,94.91,52,79,11,6,"EBF,XRX,ACCO,ACTG,EHGO"
70,Airlines,Industrials,94.22,51,83,30,74,"ALGT,DAL,ULCC,UAL,LUV,AAL,CPA,VLRS,JBLU,LTM,ALK,SKYW,RYAAY,RJET,AERO,FLYX,SRFM"
71,Utilities - Regulated Water,Utilities,93.94,51,34,51,56,"CDZIP,HTO,AWR,CWT,ARTNA,SBS,MSEX,WTRG,YORW,AWK,PCYO,CWCO,GWRS,CDZI"
72,Engineering & Construction,Industrials,93.87,50,86,81,92,"CDNL,STRL,SKK,FIX,MAGH,MYRG,AGX,LGN,BBCP,IESC,MTZ,ESOA,ACA,ECG,PHOE,PWR,DY,TPC,ORN,VATE,GVA,SHIM,FLR,EME,FER,CDLR,J,APG,TTEK,KAZR,KBR,PMA,MTRX,EXPO,ROAD,WLDN,FBGL,AMRC,BWMN,ACM,STN,PRIM,BLNK,MIMI,ZDAI,SLND,MSGY,FGL,ONEG,MGN,RITR,OFAL"
73,Shell Companies,Financial Services,93.23,49,32,42,44,"CCXIU,BSAA,SPKLU,BSAAU,RDACU,EURKU,TDACU,KVACU,KVAC,EURK,TLNCU,BACCU,DTSQU,BKHA,KCHVU,MACIU,SPKL,LPAA,OYSEU,ANSCU,DTSQ,BKHAU,MUZEU,COLAU,RNGTU,ALISU,DMAAU,UYSC,ATIIU,AXINU,IPEXU,AEXA,RIBB,LCCCU,AEAQU,FSHP,CAPN,CHAR,TACHU,BBCQU,GSRFU,CCAQU,YHNAU,SVAQU,TVAIU,FSHPU,QETAU,FVN,PGAC,SPEGU,BACC,NOEM,CUBWU,GPATU,QETA,PGACU,SCPQU,EGHAU,QSEA,SIMA,WTG,DMAA,YHNA,CAPNU,RFAI,APXTU,ARCIU,ANSC,RFAIU,PTORU,HLXC,NTWO,ALFUU,CRAQU,LPBBU,COLA,OBAWU,NMPAU,DSACU,NMP,LCCC,APACU,CCAQ,KFII,SSEA,ADACU,CHARU,SSEAU,CHPGU,GTERA,TAVI,IPCXU,SBXE,UYSCU,LKSPU,MACI,KCHV,TLNC,BCAR,CHPG,SVCC,CRAQ,AACB,TVAI,XRPN,ALDF,POLE,QUMS,RANG,JACS,COPL,IPEX,AXIN,CRANU,SOCA,CHECU,SIMAU,TACOU,SOCAU,SPEG,AIIA,HAVA,IPCX,INAC,ALF,FACTU,GTENU,LPBB,TDAC,BLRKU,HAVAU,SAAQU,NBRGU,TACH,ATII,GSHR,DSAC,YCY,NOEMU,CEPV,FIGXU,FERAU,OYSE,SOUL,APXT,GSHRU,IGACU,PACH,IBAC,LPAAU,WSTN,CEPF,OTGAU,APAC,CRAN,HCMAU,ARTCU,ORIQ,JENA,TAVIU,CRAC,ALIS,HCACU,BLUW,BLUWU,SBXD,BBCQ,ORIQU,CCIX,BLRK,GPAT,PACHU,GRAF,LKSP,EVAC,LAFA,MKLY,SZZL,TWLVU,SVCCU,GIWWU,OBA,DMII,GIXXU,EMIS,FIGX,HVII,KFIIU,CHEC,HVMC,EGHA,LWACU,CCIIU,PAII,VNMEU,KOYN,ALDFU,AACBU,LWAC,MMTX,TDWD,BCARU,SCII,HCMA,LATAU,SDHI,BEAGU,DRDB,VHCPU,OACC,RNGT,XRPNU,GPACU,GTEN,FERA,CUB,PLMK,HCAC,IRHOU,VNME,LFACU,HVIIU,DMIIU,MKLYU,TWLV,DYOR,INACU,GIW,BIXI,NPAC,OTGA,KBONU,ITHA,SZZLU,CRACU,PLMKU,WENN,GPAC,VACI,IGAC,KRSP,IEAGU,EVOX,BIXIU,LAFAU,QSEAU,BCSS,MESH,QUMSU,GSRF,TACO,PMTR,MESHU,OIMAU,KTWOU,MBVIU,BEAG,CCII,LFAC,RAC,XSLLU,EVOXU,AEAQ,HVMCU,DAAQ,SCIIU,ITHAU,MEVOU,SAC,KOYNU,LATA,BLZRU,GTERU,RDAG,DNMX,MBVI,NPACU,FGIIU,SORNU,DNMXU,SDHIU,ONCH,MMTXU,ZKPU,ONCHU,XCBEU,WENNU,NTWOU,DYORU,TDWDU,LPCVU,ALUB,BLZR,KRAQU,VLOSU,ALOVU,RDAGU,BIII,KBON,PMTRU,BDCI,RANGU,PCAP,TVA,WTGUU,DYNC,DRDBU,FCRS,CCIXU,OACCU,MLAAU,NWAX,WSTNU,DAAQU,FVNNU,PCAPU,BDCIU,MCGA,TVACU,CEPO,RIBBU,MCGAU,POLEU,DYNCU,ASPCU,RTAC,RTACU,ASPC,RDAC,AFJKU,AFJK,XXI"
74,Footwear & Accessories,Consumer Cyclical,93.21,48,58,78,58,"CROX,FOSL,VRA,WEYS,RCKY,SHOO,DBI,BIRK,DECK,WWW,ONON,NKE,FWDI,FMFC"
75,Information Technology Services,Technology,92.91,47,65,88,25,"MGRT,CHRN,WYY,PENG,QXL,CIFR,KEEL,SAIH,WYFI,INGM,SAIC,APLD,INOD,IBEX,UIS,CLPS,CDW,CACI,JKHY,PSN,FORTY,IBM,III,VYX,ARBB,G,GIB,GDS,GLE,GDYN,BR,VNET,WIT,DXC,EXLS,CNDT,JFU,INFY,FIS,DTST,CSPI,CTM,TASK,CTSH,IT,CLVT,EFOR,ACN,LDOS,TDTH,AIOS,NABL,CNXC,TSSI,EPAM,KD,TTGT,TTEC,HCKT,GLOB,BBAI,PONY,VEEA,VRRM,LZMH,CYCU,DAIC,JZ,GMM,HKIT"
76,Beverages - Brewers,Consumer Defensive,92.91,47,52,43,58,"FMX,BUD,ABEV,CCU,TAP,STZ,SAM"
77,Asset Management,Financial Services,92.69,46,39,45,53,"MAAS,AAMI,KF,TWN,STT,VCTR,AMG,BEN,WT,STK,BSTZ,HQL,HFRO,SRV,NXG,RMT,FGNXP,HQH,IVZ,NTRS,PFG,NML,KYN,EMF,AEF,PEO,CNS,TRIN,BTX,EMO,BHV,NFJ,CHI,CAF,ASGI,CCD,BGR,HASI,CEE,BTO,IAE,DBRG,BCAT,BST,CII,THW,IHD,CHY,ADX,BME,EVT,AOD,IGD,WHG,NCZ,AIO,GROW,TROW,CHW,GCV,DPG,NCV,EOD,EDD,JRS,UTF,GLV,DNP,GNT,GLQ,HERZ,GAIN,FUND,MEGI,JOF,TEI,FHI,RLTY,ACV,GUT,AWP,NMT,HTD,BMEZ,BDJ,SEIC,RVT,NBXG,BCX,IDE,GGT,PDX,AMP,NMAI,EDF,QQQX,MGLD,BCV,MXF,HEQ,CSWC,GCMG,GDV,CGO,RCG,NMI,SATA,ECAT,ECF,LGI,IGA,RMI,SPXX,NIE,THQ,CSQ,BUI,JCE,ETG,ETO,TBLD,PMM,GGZ,MXE,RFM,MIY,VPV,ETW,EXG,GAM,RGT,GLO,TYG,CRBG,EQH,AGD,FFA,ETV,BOE,NMS,TY,NRK,RMM,RFMZ,EEA,IIM,ECCC,GRX,SCD,ETB,VKQ,IQI,OIA,VKI,NRO,MUJ,IGR,RSF,VGM,FDUS,MFM,RFI,RMMZ,GLU,JRI,NAC,UTG,EMD,VMO,OXLCO,PGZ,FOF,NAZ,VTN,OXLCN,AVK,BPYPM,STEW,EIIA,JFR,CEV,SPME,CET,OCCIM,NUV,CCID,RA,PMO,NKX,RJF,NAN,PDPA,NZF,NMZ,FMN,SPMA,FCT,OCCIN,GUG,NVG,NBH,MUC,AFB,EICA,NAD,VRTS,NEA,FT,HPF,PHK,RIV,NMCO,EOT,PFN,GRF,NXP,LEO,NIM,DMB,ERH,EVN,HPI,MYN,GDL,KTF,DSM,ERC,MMD,RQI,MYI,HIX,SBI,PDT,VCV,DTF,MQY,MHF,BGY,LDP,BANX,PNI,DFP,NNY,CLM,CRF,FINS,JGH,FTHY,FFC,HPS,OPP,MMU,MSD,MPA,GAB,PFD,EIM,MUA,ETX,ACP,MHD,SII,FTF,PSF,ETJ,SDHY,LIEN,NCA,NUW,EVG,PCQ,EOI,SOR,NDMO,KIO,PDO,JPC,PFX,NSLR,JQC,CYPH,WIW,BBN,RNP,JHI,BGT,BTT,FLC,WIA,IAF,BGB,FAX,NPFD,BGH,NPV,PML,VLT,PFO,SABA,WDI,GEG,APAM,PPT,WEA,NBB,ASG,GGN,PTA,DLY,PGP,VGI,EFR,BSL,BMN,IGI,GHY,FPF,HIO,BRW,DMO,PCM,EHI,DBL,ARDC,PFL,MCN,BWG,BHK,BLW,PIM,JLS,PCN,VBF,DSU,MIN,FMY,USA,DHF,EVF,PAXS,GF,HYI,ARCC,DMA,ETY,DSL,KBDC,NPCT,BTZ,AB,PAI,GBAB,MMT,JHS,AWF,BIT,BLK,EFT,HNNA,EAD,BBDC,EOS,MGF,HYT,MSDL,HTGC,EVV,TDF,GBDC,BGX,BKT,ASA,JMM,FRA,GLAD,PDI,BCSF,GDO,NTRSO,TSI,VVR,PTY,BXSL,SPE,MAIN,PCF,WHF,NHS,ISD,IIF,OCSL,GSBD,EARN,EIC,DHY,APO,CIK,RMCO,ARES,CPZ,BX,GOF,BN,HGLB,OBDC,BAM,HRZN,IFN,NCDL,MCI,SPMC,SLRC,FSCO,RCS,NOAH,RPC,XFLT,SAR,CGBD,VINP,PSBD,MPV,FSK,RAND,MFIC,OXSQ,KKR,TPG,MSIF,ALTI,BPRE,CG,AFCG,CCAP,TSLX,TPVG,GECC,NMFC,OTF,BENF,PSEC,DXYZ,PFLT,OXLC,ECC,PDCC,PAX,BCIC,OWL,AMTD,EQS,CION,STEP,RWAY,CCIF,HLNE,OFS,SAMG,TCPC,OCCI,KWY,PNNT,BCG,SCM,CFND,INV,MLCI,ASST,TGE,BUR,FGNX,TWAV,HSDT,SDEV,ALP,DFDV,CWD,ICMB,BNKK,OIO,ZSTK,AVAT"
78,Luxury Goods,Consumer Cyclical,92.58,46,74,71,76,"ELA,MOV,TPR,REAL,SIG,LUXE,CPRI,BRLT,LANV,SORA,BGI"
79,Resorts & Casinos,Consumer Cyclical,92.29,45,50,40,18,"VAC,MGM,PENN,MCRI,CZR,RRR,MTN,BYD,HGV,BALY,CPHC,WYNN,LVS,MLCO,FLL,CNTY,MSC"
80,Drug Manufacturers - Specialty & Generic,Healthcare,91.78,44,44,54,94,"LQDA,BIOA,ETON,IRWD,TLPH,CPIX,ALKS,KNSA,AMRX,CPHI,INDV,CABR,INM,LNTH,VTRS,APUS,AMLX,XERS,TEVA,TKNO,NBIX,ZYBT,ANIK,GLAS,TXMD,ELAN,UTHR,BCRX,TRLV,PCRX,CRON,TAK,BFRI,SUPN,HLN,COLL,EOLS,ANIP,HROW,DERM,CRDL,KMDA,UPC,INCR,AQST,AYTU,RDY,EBS,AMPH,PAHC,PBH,HIMS,ORGO,CGC,BHC,GELS,HCM,LFCR,PRGO,AKBA,ACB,RMTI,ALVO,OGI,SNOA,ZTS,BTAI,SCYX,YCBD,SIGA,EVO,AKAN,RDHL,CTOR,TLRY,IXHL,BGM,PRFX,RGC,IMCC,SHPH,SBFM,SXTC"
81,Auto Parts,Consumer Cyclical,91.38,44,60,65,64,"CVGI,MKDW,GTX,HYLN,MOD,BWA,THRM,MGA,PLOW,PHIN,LEA,STRT,MLR,AUR,ALSN,DORM,SRI,MPAA,DAN,ATMU,GPC,SMP,AAP,XPEL,ALV,CAAS,MNRO,VC,GNTX,INEO,CPS,ADNT,DCH,ORLY,GT,FOXF,WPRT,HLLY,APTV,AZO,LKQ,MBLY,SYPR,ECX,PRTS,HSAI,INVZ,GTEC,QS,SLDP,FRSX,WKSP,SES,MVST"
82,Specialty Industrial Machinery,Industrials,91.32,43,69,76,79,"BW,BWEN,PKOH,TWIN,GRC,JCSE,HLIO,GHM,CVV,NPO,SXI,GEV,CMI,LXFR,RRX,HURC,CR,WTS,ROK,IEX,MIDD,AME,PH,NDSN,SPPL,TNC,DCI,ITW,FLS,GNRC,GTES,FELE,ETN,EMR,ITT,CXT,DOV,CSW,WFF,IR,TAYD,KAI,JBTM,GGG,MWA,KRNT,SHMD,XYL,EPAC,OFLX,AOS,ATS,OTIS,CETY,MIR,HUHU,LASE,AMSC,ZJK,SYM,NPWR,GFUZ,PNR,RR,NNE,XCH,SERV,SMR,OPTT,PSIX,GCDT,HDRN,LBGJ,INLF"
83,Credit Services,Financial Services,90.86,42,48,39,37,"SEZL,ENVA,LPRO,ECPG,ATLC,BFH,EZPW,WRLD,AGM,FCFS,CACC,PMTS,RM,TROO,GDOT,CPSS,ATLCP,V,JCAP,ALLY,AFRM,SNTG,SLMBP,OMF,MA,MFIN,FOA,AXP,NNI,COF,WU,SYF,PYPL,PRAA,SLM,OPFI,OPRT,FINV,JF,HTT,KLAR,NAVI,SOFI,QFIN,XYF,UPST,LU,SUIG,DXF,LX,YRD,ANTA,VRM,JFIN"
84,Farm & Heavy Construction Machinery,Industrials,90.82,41,59,31,36,"CAT,WNC,BLBD,TEX,DE,PCAR,ASTE,AEBI,MTW,GP,OSK,AGCO,GENC,FSS,CNH,CMCO,TWI,LNN,XOS,ALG,HY,ARTW,BNC,HCAI,HYFM,SCAG"
85,Specialty Business Services,Industrials,90.68,41,41,51,90,"BUUU,TH,RHLD,UNF,CMPR,FA,ARMK,QUAD,CASS,AZZ,NTIP,TRNS,ABM,TISI,PC,ULS,CTAS,GPN,BV,CBZ,RBA,WFCF,RTO,KODK,SMX,LZ,DLHC,AMTM,SPIR,BKSY,SFHG,RELX,MMS,DLB,TRI,CPRT,TIC,CRE,YSXT,PMEC,SST,ANPA,LICN,THH"
86,REIT - Residential,Real Estate,90.49,40,30,39,25,"ESS,CPT,UDR,EQR,INVH,ELS,AVB,AMH,BRT,IRT,MAA,UMH,MRP,SUI,NXRT,CSR,AIV,CLPR,BHM,ELME"
87,Telecom Services,Communication Services,90.41,39,34,67,59,"ATEX,IRDM,TIGO,GSAT,LILA,LILAK,TEO,PCLA,SKM,KVHI,SIFY,ECHO,IDT,AMX,VOD,ATNI,KYIV,VZ,ELWT,VIV,CHT,CXDO,TV,AD,IOTR,T,VEON,TIMB,LBRDP,PHI,LBTYA,RDCM,RCI,LBTYB,LUMN,KT,BCE,TKC,LBTYK,TLK,TMUS,SHEN,TDS,CMCSA,TU,GOGO,GLIBA,GLIBK,UCL,CHTR,LBRDA,LBRDK,OPTU,CCOI,IQST,CABO,SURG,FNGR"
88,Residential Construction,Consumer Cyclical,90.36,39,65,33,42,"BZH,LGIH,LEGH,HOV,MHO,CVCO,MTH,GRBK,TOL,SKY,PHM,DHI,KBH,IBP,NVR,DFH,SPHL,LEN,BXBL"
89,REIT - Diversified,Real Estate,90.11,38,27,37,17,"FVR,NXDT,CTO,AAT,BNL,OLP,WPC,AHRT,GOOD,GNL,GOODN,SAFE,VICI,ESRT,JBGS,SQFTP,SQFT,MKZR,GIPR"
90,Beverages - Non-Alcoholic,Consumer Defensive,89.27,37,38,34,41,"COCO,MNST,COKE,KO,CCEP,KOF,PRMB,KDP,BUDA,FIZZ,PEP,ZVIA,CELH,BRFH,REED"
91,REIT - Mortgage,Real Estate,88.62,37,32,44,50,"NREF,ADAM,TWO,ADAML,ADAMN,NLY,AGNC,TRTX,EFC,ADAMM,ADAMZ,AGNCP,AGNCO,AGNCN,AGNCM,AGNCL,ARR,AGNCZ,ARI,IVR,AOMR,KREF,MFA,DX,CIM,ORC,ACRE,BRSP,MITT,SUNS,CHMI,STWD,LADR,SEVN,RWT,BXMT,ACR,REFI,RITM,LOAN,FBRT,PMT,RPT,SACH,CMTG,GPMT,RC,ABR,LFT"
92,Health Information Services,Healthcare,87.9,36,20,9,6,"TXG,BTSG,BTSGU,AMWL,HNGE,TALK,NRC,TDOC,SOPH,OMDA,HSTM,SLP,OMCL,PRVA,HQY,LFMDP,HCAT,WEAV,GDRX,SDGR,EVH,CARL,VEEV,CERT,SPOK,MGRX,DRIO,CCLD,HTFL,WAY,PHR,LFMD,TEM,CTEV,ONMD,OPRX,BFRG,SY,DOCS,ACON,BEAT,DH,HCTI,MNDR,VSEE,ZCMD"
93,Thermal Coal,Energy,87.24,35,25,63,81,"NC,ARLP,CNR,NRP,BTU,HNRG"
94,Software - Infrastructure,Technology,87.23,34,46,16,13,"BAND,NUAI,RXT,DOCN,BLZE,BB,FTNT,PANW,FATN,ATEN,BRUN,OKTA,CRWD,NTAP,CCSI,BNAI,MOVE,TWLO,PAYS,NTCT,USIO,FFIV,TENB,NET,VRNS,AKAM,RAMP,RELY,CORZ,ACIW,TGHL,PAYO,QLYS,NYAX,VIVO,FLYW,CPAY,FIVN,OSPN,S,RBRK,RDWR,TDC,WEX,GEN,DBX,DLO,BLIN,KSPI,NTNX,ZETA,VRSN,XYZ,MDB,PRGS,GCT,BOX,PRTH,GTLB,TLS,PAY,PAGS,IOT,AVPT,RPD,LSAK,CLBT,EVTC,EEFT,GGRP,AZIO,RPAY,IMXI,AGPU,SAIL,CGNT,ALLT,APPN,MQ,AIOT,YEXT,SABR,SANG,GDDY,KPLT,AEVA,STNE,XNET,TOST,MSFT,PGY,PATH,GRRR,IIIV,PSFE,NTSK,FOUR,PLTR,NN,CHKP,BTQ,ARQQ,ZS,PICS,SNPS,RZLV,MLGO,CALX,TUYA,XBP,VHC,DOX,PDYN,OWLS,CINT,AI,CRWV,DTSS,INTZ,ORCL,CISO,AISP,ATGL,SUPX,TAOP,AIFA,BKKT,TAOX,AMBR,BLSH,WIX,SKYA,REKR,KDK,LIDR,ORIO,CHOW,TCX,OLB,AUID,ZENA,DVLT,DAVA,EXOD,AIXC,GOAI,ZSQR,VERI,LHSW,AIFC,CSAI,AVX,ALAR,HPAI,YYAI,WETO,CETX,HUBC"
95,Medical Distribution,Healthcare,87.21,34,13,48,62,"FOCL,EMPG,CAH,HSIC,MCK,COR,ACH,AHG,YI,HKPD,COSM,MEDS,SNYR"
96,Utilities - Independent Power Producers,Utilities,86.99,33,74,74,73,"DGXX,KEN,TAC,TLN,VST,NRG,CEG,OKLO"
97,Consulting Services,Industrials,86.89,32,14,28,23,"ROMA,EFTY,RYOJ,AERT,ZTG,ACCL,FORR,LAWR,ICFI,CRAI,EGG,VRSK,FCN,RGP,EFX,HURN,BAH,SBC,PPHC,GRNQ,FOFO,INTJ,VCIG,DGNX"
98,Building Products & Equipment,Industrials,86.71,32,64,46,22,"CSTE,JCI,NPKI,JLHL,CARR,AAON,TT,MAS,AIRJ,OC,GFF,SPXC,FBIN,APT,APOG,ASPN,LII,WMS,NX,CSL,TREX,AWI,PPIH,ROCK,LPX,ARLO,SWIM,UUU,ILAG,JBI,LMB,INVE,BLDR,JELD,AEHL"
99,Entertainment,Communication Services,86.46,31,23,32,20,"STRZ,SPHR,MSGS,MSGE,MCS,ROKU,IMAX,SIRI,MANU,AMCX,RSVR,CNK,WBD,RDI,LYV,AMC,BATRA,BATRK,LLYVK,LLYVA,FWONA,FWONK,FTRK,ANGX,TKO,ANGH,NWSA,NWS,VSNT,AENT,FOXA,FOX,WMG,DIS,RDIB,LFS,CNVS,TOON,HUYA,IQ,NFLX,PSKY,PLAY,GAIA,SLMT,NIPG,MPU,KWM,KUST,CPOP,ZNB"
100,Building Materials,Basic Materials,86.15,30,35,32,35,"CPAC,LOMA,JHX,CX,TTAM,KNF,EXP,VMC,AMRZ,MLM,USLM,CRH,TGLS,SMID,RETO,CAPS"
101,Household & Personal Products,Consumer Defensive,85.95,30,18,2,5,"HELE,SPB,WALD,ACU,EPC,IPAR,MAGN,NWL,KVUE,HNST,CL,CHD,UG,KMB,PG,UL,EL,ELF,CLX,GROV,COTY,YSG,DSY,TANH,SKIN,ODD,RAY,NUS,SLSN,BYAH"
102,Real Estate Services,Real Estate,85.27,29,28,22,40,"OPAD,RFL,COMP,RMR,HBNB,RMAX,SEG,IHS,STHO,BPYPP,BPYPN,BPYPO,MMI,MLP,IRS,CHCI,JLL,ARL,FRPH,TCI,MAYS,MDRR,NMRK,BEKE,CBRE,CWK,NEN,OPEN,GBR,FSV,NYC,EUDA,ASPS,CIGI,DOUG,SRG,FTHM,GYRO,CSGP,REAX,LHAI,AGNT,UK,OMH,DUO,LRHC,AIRE"
103,Medical Instruments & Supplies,Healthcare,85.03,28,21,20,16,"PLSE,AVR,OSUR,PDEX,BLFS,ANGO,ICUI,WST,SMTI,NVST,AVTR,MLSS,UTMD,ATRC,TFX,BAX,HBIO,NEPH,SOLV,RGEN,BDX,WRBY,STAA,BLCO,LMAT,ATR,STVN,XRAY,COO,KMTS,ALGN,POCI,MMSI,RVP,DXR,KRMD,AZTA,CUPR,ALC,MDLN,ZTEK,RMD,MBOT,BNGO,ISRG,ZJYL,STXS,LUCY,RGNT,NXGL,FEMY,NYXH,NNNN,EMBC,GCTK"
104,Integrated Freight & Logistics,Industrials,84.84,27,42,35,16,"NCEW,CYRX,CIIT,JBHT,PBI,CJMB,FDX,LSTR,EXPD,CHRW,RLGT,HUBG,UPS,ZTO,GXO,PAL,SFWL,HXHX,FLX,ELOG,FWRD,ATXG,BTOC,CRGO,SLGB,LSH,SGLY,GVH,PSIG,JYD,CTNT"
105,Restaurants,Consumer Cyclical,84.46,27,31,21,9,"BJRI,HCHL,NDLS,CBRL,RRGB,CAKE,LOCO,EAT,PETZ,BDL,DIN,TXRH,BH,SBUX,RAVE,BROS,BLMN,ARCO,GTIM,QSR,DRI,NATH,YUM,CNNE,RICK,YUMC,MCD,GENK,WEN,CHA,DPZ,ARKR,JACK,STKS,CMG,HDL,FWRG,CAVA,PZZA,SG,THCH,BTBD,KRUS,PTLO,WING,SHAK,MB,BRCB,REBN,VENU,VSTD,CCHH,CHSN"
106,Gold,Basic Materials,84.07,26,37,90,97,"HYMC,CGAU,SSRM,AUGO,IAUX,MAKO,ARIS,IAG,B,EGO,TRX,AU,THM,NEM,SA,FNV,PAAS,VGZ,OGC,AAUC,FSM,RGLD,WPM,PZG,HMY,KGC,CDE,CNL,DC,DRD,GFI,AEM,EQX,USAU,BTG,IDR,AGI,GAU,OR,GROY,NG,OGG,CMCL,ORLA,GLDG,CTGO,NFGC,MINE,AUST,NAMM,BGL"
107,Leisure,Consumer Cyclical,83.86,25,24,36,21,"LTH,AOUT,FNKO,CALY,ESCA,YETI,JAKK,OSW,GOLF,PRKS,HAS,JOUT,HWH,CLAR,PTON,PUSA,AS,XPOF,FUN,MAT,LUCK,NWTG,PLBY,PLNT,TRON,KBSX,GDHG,NOMA,KMRK,MMA,HERE,DOGZ,TRUG"
108,Broadcasting,Communication Services,83.85,25,53,79,30,"BBGI,MDIA,IHRT,SSP,XHLD,SBGI,NXST,NMAX,UONEK,GTN,SGA,CURI,UONE,FUBO,FLZH"
109,Gambling,Consumer Cyclical,83.72,24,29,48,30,"RSI,ROLR,SGHC,CDRO,ACEL,CHDN,INSE,DKNG,BRSL,BRAG,FLUT,SEGG,GRSD"
110,Specialty Retail,Consumer Cyclical,83.34,23,37,13,26,"ARKO,MUSA,CASY,HZO,BBY,BNED,BWMX,WSM,NAAS,FIVE,PTLE,ABLV,SBH,RH,TLF,GRWG,ONEW,DKS,NPT,SVV,ARHS,GME,FLWS,BBWI,ASO,ULTA,WINA,WOOF,EYE,TKLF,HTLM,MNSO,BBW,JBDI,RECT,TSCO,CHPT,BARK,SPWH,BQ,ZOOZ,EVGO,LESL,CGTL"
111,Electrical Equipment & Parts,Industrials,82.44,23,90,73,86,"FCEL,BE,POWL,VRT,NVT,TE,PLPC,ENS,AEIS,NMAD,STI,RFIL,ELVA,OESX,ESP,AYI,ATKR,ADSE,BLDP,HUBB,ENR,APWC,KE,HAYW,SKYX,PPSI,PLUG,AMPX,ULBI,POLA,CCTG,TGEN,EPOW,EAF,NEOV,CBAT,FAC,LTBR,ENVX,DFLI,GWH,SDST,NVX,EOSE,RAYA,FLUX,LNKS,XPON,ELPW"
112,Farm Products,Consumer Defensive,81.13,22,13,41,39,"ADM,BG,PFAI,AFRI,CALM,AGRO,CHSCL,CHSCN,CHSCM,ALCO,CHSCO,CHSCP,DOLE,TSN,LND,LMNR,AQB,VFF,DMC,VITL,AGRZ,LOCL,SDOT,EDBL"
113,Home Improvement Retail,Consumer Cyclical,80.94,21,22,18,72,"HVT,HD,LOW,FND,LIVE"
114,Financial Data & Stock Exchanges,Financial Services,80.62,20,5,14,13,"MKTW,CBOE,VALU,NDAQ,MCO,MSCI,SPGI,FDS,CME,TRU,ICE,MORN,COIN,DTCX,BTOG"
115,Auto & Truck Dealerships,Consumer Cyclical,80.39,20,11,6,11,"RDNW,SAH,OPLN,PAG,KMX,RUSHA,RUSHB,LAD,VVV,ACVA,ABG,AN,CARG,DRVN,GPI,CVNA,BGSI,JZXN,NXB,CWH,UXIN,SDA,KXIN,AZI,UCAR,CRMT"
116,Lumber & Wood Production,Basic Materials,80.23,19,18,23,15,"JCTC,SSD,WFG,BCC,UFPI,NWGL"
117,Security & Protection Services,Industrials,79.57,18,12,25,28,"GEO,CXW,MG,BRC,SPCB,CIX,BCO,MSA,NL,ALLE,BAER,NSSC,ADT,EVLV,VRME,BKYI,GFAI,SNT,IVDA,KSCP,CIGL,SUGP"
118,Other Precious Metals & Mining,Basic Materials,79.43,18,44,87,98,"MTA,BVN,HL,SLSR,ASM,VOXR,TFPM,MUX,ELE,LODE,ITRG,SBSW,PPTA,PLG,GORO,GRML"
119,Solar,Technology,79.32,17,40,70,88,"PN,SUNE,SHLS,SEDG,NXT,ENPH,FSLR,ASTI,CSIQ,TURB,SPRU,RUN,TOYO,JKS,TYGO,ARRY,FTCI,BEEM,SMXT,ZEO,SPWR"
120,Agricultural Inputs,Basic Materials,78.91,16,9,27,14,"CF,CTVA,UAN,SMG,NTR,IPI,ICL,MOS,SEED,AVD,FMC,BIOX,NXTS"
121,Utilities - Renewable,Utilities,78.83,16,43,38,78,"ENLT,XIFR,SAFX,NRGV,BEP,WAVE,RNW,AXIA,FLNC,CWEN,ORA,ELLO,BEPC,BESS,HTOO,NXXT,PBK,AGIG,VGAS,STEM,BNRG"
122,Pollution & Treatment Controls,Industrials,78.46,15,27,15,20,"ZONE,CECO,CLWT,PCTTU,ZWS,ADUR,VLTO,FTEK,TOMZ,SCWO,ERII,BCHT,PCT,ARQ,CLIR,RAIN,LIQT"
123,Software - Application,Technology,78.43,14,10,13,4,"BVC,RTB,APPS,FSLY,DDOG,DAVE,FROG,MTC,PTRN,DHX,PDFS,OOMA,MITK,CURR,SNOW,SMWB,YOU,RDVT,PUBM,EXFY,ADEA,NAVN,KARO,DBD,NATL,PLTS,JTAI,SVCO,RNG,MTLS,NTWK,CVLT,DJCO,XPER,AGYS,PLUS,TONX,RMNI,GRND,ILLR,RYDE,RSKD,ALRM,IFBD,ADP,SCOR,PERF,PAYX,UPBD,ZM,IMMR,BILL,SSTI,API,DT,CDNS,FRSH,EVCM,IPM,STRF,SSNC,DSP,FICO,HKD,CREX,VS,STRC,PD,ESTC,KLTR,PCTY,YMM,MYSE,EGHT,DUOT,VTEX,U,AMPL,INTA,QTWO,DCBO,DFIN,MRT,LYFT,MANH,CXM,LSPD,DOCU,PAYC,SPT,CHYM,TTAN,CRNC,CCC,PHUN,ORKT,BULL,SHOP,BRZE,BLIV,ALKT,RDZN,UBER,ROP,ASUR,WDAY,NXPL,FRMM,MNDO,DSGX,IDCC,STRD,IBTA,LIF,TEAM,APPF,OTEX,BTDR,GWRE,RSSS,ATHR,WK,PDC,SRAD,WLTH,ADSK,BLND,DUOL,NOW,BSY,NICE,NRDY,ADBE,CRM,SPSC,EGAN,ALIT,TRAK,LAW,NCNO,CMRC,FIG,SAP,STRK,THRY,ASAN,DMRC,YALA,VIA,PTC,GRAB,AZ,MNDY,YB,SMSI,TYL,BL,KVYO,SMRT,PAR,LGCL,MNTN,BLKB,KC,VERX,HUBS,PCOR,RBBN,IDAI,INLX,VTSI,HIT,AWRE,DOMO,AEYE,WRD,IDN,JG,AIFF,SOUN,INTU,PEGA,BMR,NVNI,MFI,MYSZ,YAAS,MASK,AMST,TGL,GLOO,MSTR,YXT,CYN,SAGT,HTCR,UPLD,CXAI,FRGT,LPSN,INUV,BZAI,GTM,FUSE,AUUD,AMZE,KNRX,RMSG,WCT,PSQH,RCT,NXTT,AMOD,HODO,BNZI,NTCL,FTFT,BIYA,AIXI,YMT,RPGL"
124,Other Industrial Metals & Mining,Basic Materials,78.38,13,66,90,95,"MTRN,NEXA,ALM,ELVR,CMP,BHP,TECK,SKE,RIO,VALE,LAR,NAK,NVA,BMM,SGML,WRN,XPL,SCZM,CHNR,USAS,TII,VZLA,TMQ,FURY,GRO,NB,ALOY,FMST,IONR,USAR,GSM,UAMY,MP,LZM,USGO,CRML,NEXM,LAC,SLI,ATLX,IPX,TMC,ELBM,NMG,FNUC,OMEX,LGO,WWR,EMAT"
125,Packaged Foods,Consumer Defensive,78.26,13,16,12,9,"DAR,MAMA,UTZ,WEST,SENEA,SENEB,BOF,MICC,CENT,WYHG,CENTA,LWAY,SJM,JBSS,KHC,HRL,LSF,SFD,NOMD,NATR,LW,CLNN,LFVN,USNA,OTLY,HLF,CAG,UCFI,JBS,GIS,CPB,POST,FRPT,INGR,BRCC,MKC,JJSF,BRID,FTLF,JVA,BGS,NAII,FLO,PPC,BRLS,MZTI,ATPC,COOT,SMPL,BRBR,HCWC,HAIN,BYND,RKDA,BHST,SRXH,STKH,DDC,FAMI,NCRA,PAVS"
126,Capital Markets,Financial Services,77.97,12,26,23,28,"HUT,TOP,WULF,MRX,BMHL,VIRT,SLNHP,SNEX,PURR,OPY,RIOT,NMR,IBKR,MS,GS,GOLD,BGC,SLNH,SCHW,CLSK,JEF,MIAX,SF,EVR,HIVE,CNCK,GSIW,IREN,COHN,PJT,HOOD,MC,MARA,ETOR,LPLA,PLUT,AUC,XP,PIPR,TW,LAZ,MEGL,MDBH,AXG,HLI,HGBL,DOMH,ANY,PWP,GLXY,WTF,FIGR,SRL,BRBI,GRAN,ATCH,MKTX,BGDE,SIEB,BTBT,FUTU,NCPL,SOS,TIGR,CRCL,SBET,CD,GEMI,BRR,AURE,BMNR,NCTY,ABTS,ARBK,STKE,MATH,FUFU,STEX,BTCS,BTGO,DEFT,PMAX,NAKA,CANG,FLD,ABTC,PWCM,IPST,LGHL"
127,Real Estate - Development,Real Estate,77.86,11,17,18,66,"CCS,VTMX,FOR,AXR,SKYH,LRE,FPH,HHH,SDHC,OZ,LPA,JFB,AEI,RENX,MRNO"
128,Confectioners,Consumer Defensive,77.44,11,6,25,54,"MDLZ,TR,HSY,SOWG,RMCF"
129,Coking Coal,Basic Materials,76.74,10,30,46,90,"SXC,HCC,AMR,AREC,METCB,METC"
130,Medical Devices,Healthcare,76.7,9,15,8,19,"BFLY,AXGN,IART,CERS,ESTA,AVNS,BWAY,ELMD,TCMD,VMD,BRKRP,BRKR,GKOS,BVS,LIVN,TMCI,NVCR,NSYS,NEOG,HAE,CV,APYX,IRMD,BBNX,DCTH,NPCE,SIBN,PEN,UFPT,BIO,INFU,CTKB,ITGR,PROF,ENOV,INMD,KIDS,DXCM,CLPT,EW,GMED,RCEL,SGHT,AHCO,CNMD,MASS,MYO,ECOR,ABT,ZBH,VREX,PHG,CBLL,SNN,MDT,QDEL,SYK,MXCT,STE,TNDM,LFWD,INGN,QTRX,HSCS,TLSI,OFIX,LUCD,ELUT,LMRI,COCH,MDAI,GEHC,CATX,SERA,IRTC,PACB,HYPR,STIM,IRIX,CODX,OWLT,SRTS,PLSM,NXL,TELA,LAB,LNSR,LUNG,XTNT,RPID,INSP,ATEC,RXST,AORT,PODD,BDMD,OM,TMDX,SENS,SSII,QSI,BMRA,NVNO,CVRX,PRCT,BSX,SINT,CTSO,TRIB,ITOC,NSPR,PAVM,NMTC,NNOX,MODD,INBS,ADGM,BJDX,ARAY,QTI,XAIR,VVOS,VTAK,AMIX,SNWV,VNRX,ICCM,IVF,FEED,TNON,AEMD,POAS,PMI,PFSA,NUWE,WOK"
131,Grocery Stores,Consumer Defensive,76.69,9,16,9,8,"VLGEA,IMKTA,WMK,DDL,NGVC,GO,KR,SFM,DNUT,ACI,VHUB,MSS"
132,Waste Management,Industrials,76.02,8,11,19,32,"ENGS,NVRI,PESI,CLH,WM,AWX,RSG,CWST,WCN,GFL,ONT,QRHC,ABAT,AQMS,GWAV,DXST,YDDL,LNZA,CDTG"
133,Insurance Brokers,Financial Services,75.97,7,8,2,1,"NP,LIFE,AON,TWFG,AJG,BWIN,MRSH,WTW,GSHD,ARX,XHG,CRVL,BRO,ERIE,AIFU,SLQT,HUIZ,EHTH,ZBAO,EZRA"
134,Education & Training Services,Consumer Defensive,74.62,6,7,6,4,"JDZG,DAO,LINC,LAUR,UTI,APEI,GHC,KLC,LGCY,FC,AFYA,STRA,CVSA,WAFU,PRDO,EDU,TAL,EDTK,PXED,CHGG,AMBO,LRN,MYND,COUR,YQ,LOPE,RYET,STG,AACG,IH,SKIL,FEDU,LXEH,MH,GOTU,COE,YOUL,EEIQ,GV,GNS,VSA,GSUN,FCHL,KIDZ"
135,Recreational Vehicles,Consumer Cyclical,73.89,6,4,4,46,"PII,BC,HOG,MCFT,DOO,LCII,MBUU,WGO,THO,PATK,VEEE,KNDI,MAMO,VMAR,EZGO"
136,Tobacco,Consumer Defensive,72.73,5,6,10,31,"MO,PM,BTI,UVV,RLX,TPB,ISPR,RYM,AIIR,GNLN,XXII"
137,Paper & Paper Products,Basic Materials,71.35,4,3,1,7,"CLW,SUZ,SLVM,ITP,MERC"
138,Personal Services,Consumer Cyclical,70.79,4,1,3,2,"ANDG,FTDR,HRB,RGS,SCI,CSV,BFAM,MED,ROL,MRM,EJH,CLIK,TRNR,YYGH"
139,Uranium,Energy,70.44,3,20,84,96,"ISOU,NXE,DNN,CCJ,UROY,URG,UEC,UUUU,AEC,LEU,EU"
140,Airports & Air Services,Industrials,69.67,2,9,5,39,"CAAP,OMAB,PAC,ASLE,ASR,JOBY,UP,SOAR"
141,Mortgage Finance,Financial Services,67.36,2,4,20,47,"IOR,VEL,ONIT,PAPL,PFSI,WD,RKT,GHI,BETR,CNF,LDI,UWMC,BLNE"
142,Beverages - Wineries & Distilleries,Consumer Defensive,63.49,1,2,7,0,"AGCC,WVVIP,DEO,WVVI,SNDL,MGPI,EPSM,IBG,SBEV,YHC"
143,Consumer Electronics,Technology,62.08,0,0,17,10,"AAPL,SONO,UEIC,TBCH,SONY,VUZI,AXIL,FEBO,LPL,KOSS,MSN,WLDS,FOXX,GPRO,RIME,BOXL,FXHO,ZEPP,GMEX"
144,Pharmaceutical Retailers,Healthcare,48.55,0,0,0,0,"HITI,PETS,SCNX,RDGT,POM"
